"Order","Price","LotFrontage","LotArea","LotConfig","HouseStyle","Quality","Condition","YearBuilt","YearRemodel","ExteriorQ","ExteriorC","Foundation","BasementHt","BasementC","BasementFin","BasementFinSF","BasementUnFinSF","BasementSF","Heating","HeatingQC","CentralAir","FirstSF","SecondSF","GroundSF","BasementFBath","BasementHBath","FullBath","HalfBath","Bedroom","KitchenQ","TotalRooms","Fireplaces","GarageType","GarageCars","GarageSF","GarageQ","GarageC","WoodDeckSF","OpenPorchSF","EnclosedPorchSF","ScreenPorchSF"
2375,145,65,7514,"Inside","1Story",5,7,1967,1975,"TA","TA","CBlock","TA","TA","ALQ",373,462,943,"GasA","TA","Y",1387,0,1387,1,0,1,0,3,"TA",6,1,"Attchd",1,300,"TA","TA",0,0,240,0
1713,245.7,70,9926,"Inside","1Story",7,5,2005,2006,"Gd","TA","PConc","Gd","TA","GLQ",1178,436,1614,"GasA","Ex","Y",1614,0,1614,1,0,2,0,3,"Gd",7,0,"Attchd",3,878,"TA","TA",100,38,0,0
233,260,0,23595,"Inside","1Story",7,6,1979,1979,"Gd","TA","PConc","Gd","TA","GLQ",1258,74,1332,"GasA","TA","Y",1332,192,1524,2,0,0,1,0,"Gd",4,1,"Attchd",2,586,"TA","TA",268,0,0,0
1948,103.2,55,5500,"Inside","1.5Unf",4,6,1956,1956,"TA","TA","CBlock","TA","TA","Unf",0,882,882,"GasA","Ex","Y",882,0,882,0,0,1,0,1,"TA",4,0,"None",0,0,"None","None",0,0,0,0
1590,206.3,78,7060,"Inside","SFoyer",7,5,1997,1998,"TA","Gd","PConc","Gd","Gd","GLQ",1309,35,1344,"GasA","Ex","Y",1344,0,1344,2,0,2,0,2,"TA",8,0,"Attchd",4,784,"TA","TA",0,0,0,0
739,119,50,6000,"Inside","1.5Unf",6,7,1926,2004,"Gd","TA","PConc","TA","TA","Unf",0,884,884,"GasA","Gd","Y",904,0,904,0,0,1,0,2,"TA",4,0,"Detchd",1,180,"TA","TA",0,0,105,0
257,159,82,11105,"Corner","SFoyer",5,5,1996,1996,"TA","Gd","PConc","Gd","Fa","GLQ",870,0,870,"GasA","Gd","Y",965,0,965,1,0,1,0,2,"TA",4,0,"Attchd",2,580,"Gd","TA",71,0,0,0
2074,211,97,10029,"Corner","2Story",6,5,1988,1989,"Gd","TA","PConc","Gd","TA","GLQ",831,320,1151,"GasA","TA","Y",1164,896,2060,0,1,2,1,4,"TA",8,1,"Attchd",2,521,"TA","TA",0,228,0,192
591,167.9,80,9650,"Inside","1Story",6,5,1977,1977,"TA","TA","CBlock","Gd","TA","ALQ",686,664,1350,"GasA","TA","Y",1334,0,1334,0,1,2,0,2,"TA",6,1,"Attchd",2,630,"TA","TA",0,16,0,0
2583,156,70,8092,"Inside","1Story",6,8,1954,2000,"TA","Gd","CBlock","TA","TA","ALQ",824,226,1050,"GasA","Ex","Y",1050,0,1050,1,0,1,0,3,"Gd",6,0,"Attchd",1,286,"TA","TA",0,0,0,0
2463,232.6,81,11216,"Inside","1Story",8,5,2006,2006,"Gd","TA","PConc","Gd","Gd","Unf",0,1489,1489,"GasA","Ex","Y",1489,0,1489,0,0,2,0,3,"Gd",7,1,"Attchd",2,776,"TA","TA",0,140,0,0
368,372.5,80,11844,"Inside","1Story",8,5,2008,2008,"Gd","TA","PConc","Ex","TA","Unf",0,2046,2046,"GasA","Ex","Y",2046,0,2046,0,0,2,1,3,"Gd",7,1,"Attchd",3,834,"TA","TA",322,82,0,0
2013,113,51,6120,"Inside","1.5Unf",5,7,1939,1950,"Gd","TA","BrkTil","TA","TA","Unf",0,884,884,"GasA","Ex","Y",884,0,884,0,0,1,0,2,"TA",5,0,"Detchd",1,240,"TA","TA",0,0,136,0
1425,248.5,65,9345,"Inside","1Story",8,5,2007,2007,"Gd","TA","PConc","Gd","TA","Unf",0,1615,1615,"GasA","Ex","Y",1615,0,1615,0,0,2,0,3,"Gd",7,1,"Attchd",3,864,"TA","TA",168,30,0,0
2410,171.75,0,3136,"Corner","1Story",7,5,2003,2003,"Gd","TA","PConc","Gd","TA","Unf",0,1405,1405,"GasA","Ex","Y",1405,0,1405,0,0,2,0,2,"Gd",6,1,"Attchd",2,478,"TA","TA",148,36,0,0
1362,141,60,6876,"Inside","1.5Fin",6,6,1938,1958,"TA","TA","BrkTil","TA","TA","Unf",0,1272,1272,"GasA","TA","Y",1272,0,1969,0,0,2,0,4,"TA",9,1,"Detchd",2,400,"TA","TA",0,34,0,0
2538,124.4,0,9759,"Inside","1Story",5,5,1966,1966,"TA","TA","CBlock","TA","TA","BLQ",799,252,1051,"GasA","TA","Y",1051,0,1051,1,0,1,0,3,"TA",6,0,"Attchd",1,264,"TA","TA",182,88,0,0
2159,219.5,65,8200,"Inside","2Story",7,5,2003,2004,"Gd","TA","PConc","Gd","TA","Unf",0,847,847,"GasA","Ex","Y",847,1081,1928,0,0,2,1,4,"Gd",8,1,"BuiltIn",2,434,"TA","TA",100,48,0,0
306,102.776,66,8712,"Inside","1.5Fin",4,7,1900,1950,"TA","TA","Stone","TA","TA","Unf",0,859,859,"GasA","Gd","Y",859,319,1178,0,0,1,0,2,"TA",7,0,"Detchd",1,384,"TA","TA",68,0,98,0
2578,148,125,10000,"Corner","SLvl",5,6,1956,1956,"TA","TA","CBlock","TA","TA","BLQ",678,99,1058,"GasA","Ex","Y",1370,0,1370,1,0,1,0,3,"TA",6,1,"Basment",1,300,"TA","TA",191,0,0,120
1612,167.3,85,10667,"Inside","1Story",6,6,1971,1971,"TA","TA","CBlock","TA","TA","BLQ",838,749,1587,"GasA","TA","Y",1587,0,1587,0,0,2,0,3,"TA",7,1,"Attchd",2,525,"TA","TA",0,44,0,0
2390,275.5,80,10240,"Inside","2Story",8,5,2005,2005,"Gd","TA","PConc","Gd","TA","Unf",0,1030,1030,"GasA","Gd","Y",1038,1060,2098,0,0,2,1,3,"Ex",8,1,"Attchd",3,878,"TA","TA",192,52,0,0
2820,127.5,38,7840,"CulDSac","SFoyer",6,5,1975,1975,"TA","TA","CBlock","Gd","TA","GLQ",976,0,976,"GasA","TA","Y",1012,0,1012,0,2,2,0,4,"TA",4,0,"None",0,0,"None","None",0,0,0,0
394,148.5,0,8750,"Inside","1Story",5,6,1970,1970,"TA","TA","CBlock","TA","TA","BLQ",828,174,1002,"GasA","TA","Y",1002,0,1002,1,0,1,0,3,"TA",5,0,"Detchd",2,902,"TA","TA",0,0,0,0
997,173,0,15038,"Corner","2Story",6,5,1996,1996,"TA","TA","PConc","Gd","TA","Rec",138,778,916,"GasA","Gd","Y",916,720,1636,0,0,2,1,3,"TA",7,1,"Attchd",2,386,"TA","TA",168,84,0,0
1725,318.061,68,7820,"Inside","1Story",9,5,2007,2007,"Ex","TA","PConc","Ex","TA","Unf",0,1869,1869,"GasA","Ex","Y",1869,0,1869,0,0,2,0,2,"Ex",6,1,"Attchd",2,617,"TA","TA",210,54,0,0
2882,115,50,9000,"Inside","1.5Fin",5,6,1951,1951,"Fa","Fa","CBlock","TA","TA","Unf",0,660,660,"GasA","TA","N",1060,336,1396,0,0,2,0,4,"TA",8,0,"None",0,0,"None","None",0,0,0,0
2500,260,121,16059,"Corner","2Story",8,5,1991,1992,"Gd","TA","CBlock","Gd","TA","Unf",0,1288,1288,"GasA","Ex","Y",1301,1116,2417,0,0,2,1,4,"Gd",9,1,"Attchd",2,462,"TA","TA",127,82,0,0
244,84.9,60,11100,"Inside","1Story",4,7,1946,2006,"TA","TA","CBlock","None","None","None",0,0,0,"GasA","Ex","Y",930,0,930,0,0,1,0,2,"Gd",6,0,"Detchd",1,308,"TA","TA",0,0,0,0
278,64,89,11792,"Inside","1.5Fin",4,5,1948,1950,"TA","TA","CBlock","TA","TA","Unf",0,744,744,"GasA","Ex","N",792,328,1120,0,0,1,0,2,"Fa",5,0,"Detchd",2,480,"TA","Fa",0,0,0,160
612,124.5,80,9600,"Corner","1Story",5,6,1959,1959,"TA","TA","CBlock","TA","TA","ALQ",991,50,1041,"GasA","Ex","Y",1041,0,1041,1,0,1,0,3,"TA",6,0,"Attchd",1,270,"TA","TA",224,88,0,0
2782,132.5,55,10780,"Inside","SLvl",5,5,1976,1976,"TA","TA","CBlock","TA","TA","ALQ",483,428,911,"GasA","Gd","Y",954,0,954,0,0,1,0,3,"TA",6,0,"Detchd",2,576,"TA","TA",0,0,0,0
2252,245,44,12864,"CulDSac","1Story",7,5,2002,2002,"Gd","TA","PConc","Gd","TA","GLQ",1392,17,1409,"GasA","Ex","Y",1409,0,1409,1,0,1,1,1,"Gd",4,1,"Attchd",2,576,"TA","TA",0,144,0,145
1443,235,75,12192,"Inside","2Story",7,5,2000,2001,"Gd","TA","PConc","Gd","TA","GLQ",663,265,928,"GasA","Ex","Y",928,895,1823,1,0,2,1,3,"Gd",6,0,"Attchd",2,626,"TA","TA",192,36,0,0
1393,235,0,13500,"Inside","1Story",6,7,1960,1975,"TA","TA","CBlock","Gd","TA","BLQ",429,93,1602,"GasA","Gd","Y",1252,0,1252,1,0,1,0,1,"TA",4,1,"Attchd",2,564,"TA","TA",409,0,0,0
941,123,50,8660,"Inside","2Story",5,6,1900,1993,"TA","TA","BrkTil","TA","TA","Unf",0,760,760,"GasA","Ex","N",928,928,2168,0,0,2,0,5,"Gd",11,0,"Detchd",2,576,"TA","TA",467,160,78,0
1222,118,50,7420,"Corner","1.5Unf",5,6,1939,1950,"TA","TA","BrkTil","TA","TA","GLQ",851,140,991,"GasA","Ex","Y",1077,0,1077,1,0,1,0,2,"TA",5,2,"Attchd",1,205,"Gd","TA",0,4,0,0
1466,183,72,7226,"CulDSac","2Story",7,5,2003,2003,"Gd","TA","PConc","Gd","TA","Unf",0,798,798,"GasA","Ex","Y",798,842,1640,0,0,2,1,3,"Gd",6,0,"Attchd",2,595,"TA","TA",0,45,0,0
1174,170,24,2160,"Inside","SLvl",7,5,1999,2000,"Gd","TA","PConc","Gd","TA","GLQ",600,72,672,"GasA","Ex","Y",684,720,1404,1,0,2,1,3,"Gd",5,0,"Detchd",2,462,"TA","TA",20,0,0,0
2357,162.9,78,10140,"Inside","2Story",7,5,1976,1976,"TA","TA","PConc","Gd","TA","GLQ",194,638,832,"GasA","TA","Y",832,832,1664,0,0,2,1,4,"TA",8,1,"Attchd",2,528,"TA","TA",0,28,0,259
2617,157.5,86,11650,"Corner","1Story",7,5,1959,1959,"TA","TA","Slab","None","None","None",0,0,0,"GasA","Gd","Y",1472,0,1472,0,0,2,0,2,"Gd",5,1,"Attchd",2,484,"TA","TA",0,68,0,227
959,224.5,83,13159,"Corner","2Story",7,5,2009,2009,"TA","TA","PConc","Ex","TA","Unf",0,846,846,"GasA","Gd","Y",846,846,1692,0,0,2,1,3,"Gd",6,0,"Attchd",2,650,"TA","TA",208,114,0,0
1039,181,34,4060,"Inside","1Story",6,5,1998,1999,"Gd","TA","PConc","Gd","TA","GLQ",266,1139,1405,"GasA","Ex","Y",1337,0,1337,1,0,2,0,2,"Gd",5,0,"Attchd",2,511,"TA","TA",144,68,0,0
938,315,0,17597,"Inside","1Story",7,9,1971,2009,"Gd","Gd","CBlock","Gd","TA","GLQ",803,581,1803,"GasA","TA","Y",2365,0,2365,1,0,2,0,3,"Ex",7,2,"Attchd",2,551,"TA","TA",200,144,0,0
1318,128,35,6300,"Inside","2.5Unf",6,6,1914,2001,"TA","TA","CBlock","TA","TA","Unf",0,742,742,"GasA","Ex","Y",742,742,1484,0,0,2,0,3,"TA",9,1,"None",0,0,"None","None",0,291,134,0
489,190,42,8433,"Inside","2Story",6,5,2000,2000,"TA","TA","PConc","Gd","TA","GLQ",683,111,794,"GasA","Ex","Y",819,695,1514,1,0,2,1,3,"TA",7,1,"Attchd",2,394,"TA","TA",0,72,0,0
51,175.5,36,2628,"Inside","2Story",7,5,2003,2003,"Gd","TA","PConc","Gd","TA","Unf",0,764,764,"GasA","Ex","Y",764,862,1626,0,0,2,1,2,"Gd",6,0,"BuiltIn",2,474,"TA","TA",0,27,0,0
1856,194,0,16157,"FR2","SLvl",5,7,1978,1978,"TA","TA","PConc","Gd","TA","ALQ",680,289,1360,"GasA","Ex","Y",1432,0,1432,1,0,1,1,2,"Gd",5,1,"Attchd",2,588,"TA","TA",168,180,0,0
2098,424.87,77,9965,"Inside","2Story",8,5,2006,2007,"Gd","TA","PConc","Ex","TA","GLQ",1150,316,1466,"GasA","Ex","Y",1466,1362,2828,1,0,3,0,4,"Gd",11,1,"BuiltIn",3,1052,"TA","TA",125,144,0,0
2681,149,52,6240,"Inside","1.5Fin",5,6,1928,1950,"TA","TA","BrkTil","TA","TA","Unf",0,1042,1042,"GasA","Ex","Y",1042,534,1576,0,0,1,0,3,"TA",8,1,"Detchd",1,225,"TA","TA",0,0,0,0
2270,282,80,11305,"Inside","1Story",8,5,2002,2002,"Gd","TA","PConc","Gd","TA","GLQ",1329,593,1922,"GasA","Ex","Y",1922,0,1922,1,0,2,0,2,"Gd",6,1,"Attchd",3,692,"TA","TA",201,64,0,0
643,131,53,8128,"CulDSac","1Story",6,7,1954,1954,"TA","TA","CBlock","TA","TA","ALQ",490,572,1062,"GasA","Gd","Y",1062,0,1062,1,0,1,0,3,"TA",6,0,"Attchd",1,297,"TA","TA",0,0,0,0
1668,119.5,61,9758,"Inside","1Story",5,5,1971,1971,"TA","TA","CBlock","TA","TA","BLQ",412,251,950,"GasA","TA","Y",950,0,950,0,0,1,0,3,"TA",5,0,"Detchd",1,280,"TA","TA",0,0,0,0
2101,279.5,91,10652,"Inside","1Story",7,5,2006,2007,"Gd","TA","PConc","Gd","TA","Unf",0,1494,1494,"GasA","Ex","Y",1494,0,1494,0,0,2,0,3,"Gd",7,1,"Attchd",3,840,"TA","TA",160,33,0,0
1688,322.4,91,11825,"Inside","1Story",8,5,2006,2007,"Gd","TA","PConc","Ex","TA","Unf",0,1694,1694,"GasA","Ex","Y",1694,0,1694,0,0,2,0,3,"Gd",7,1,"Attchd",3,856,"TA","TA",0,112,0,0
757,123,0,5775,"Corner","2Story",6,7,1915,2002,"TA","TA","BrkTil","TA","TA","Unf",0,483,483,"GasA","Ex","Y",741,686,1427,0,0,1,0,3,"Gd",7,0,"Attchd",1,379,"TA","TA",0,24,112,0
1632,170,0,3696,"Inside","1Story",8,5,1986,1986,"Gd","TA","CBlock","Gd","TA","Unf",0,1074,1074,"GasA","Ex","Y",1088,0,1088,0,0,1,1,2,"Gd",5,0,"Attchd",2,461,"TA","TA",0,74,137,0
636,155,66,12400,"Inside","1Story",6,7,1958,1998,"TA","TA","CBlock","TA","Fa","Rec",585,630,1215,"GasA","TA","Y",1215,0,1215,0,0,1,0,3,"TA",6,0,"Attchd",1,297,"TA","TA",0,0,0,234
2742,136.9,75,9525,"Inside","1.5Fin",6,4,1954,1972,"TA","TA","CBlock","TA","Fa","Rec",444,550,994,"GasA","Gd","Y",1216,639,1855,0,0,2,0,4,"TA",7,0,"Attchd",1,325,"TA","TA",182,0,0,0
2763,181,78,9316,"Inside","2Story",7,5,2005,2005,"Gd","TA","PConc","Gd","TA","Unf",0,784,784,"GasA","Ex","Y",784,812,1596,0,0,2,1,3,"Gd",6,0,"Attchd",2,610,"TA","TA",144,45,0,0
1944,135,60,9600,"Inside","1.5Unf",5,7,1949,2003,"TA","TA","CBlock","TA","TA","ALQ",220,625,845,"GasA","TA","Y",893,0,893,0,1,1,0,2,"Gd",4,0,"Detchd",2,576,"TA","TA",0,0,0,0
2839,115,60,8172,"Inside","1Story",5,7,1955,1990,"TA","TA","CBlock","TA","TA","Rec",167,697,864,"GasA","TA","Y",864,0,864,1,0,1,0,2,"TA",5,0,"Detchd",2,572,"TA","TA",0,0,0,0
2761,209.7,91,10984,"Corner","2Story",7,5,2005,2006,"Gd","TA","PConc","Gd","TA","Unf",0,945,945,"GasA","Ex","Y",945,864,1809,0,0,2,1,3,"Gd",8,0,"Attchd",2,638,"TA","TA",144,54,0,0
1814,215,0,16196,"Inside","1Story",7,5,1998,1998,"Gd","TA","PConc","Gd","TA","GLQ",1443,39,1482,"GasA","Ex","Y",1494,0,1494,1,0,2,0,3,"Gd",5,1,"Attchd",2,514,"TA","TA",402,25,0,0
1623,180,0,8637,"Inside","2Story",6,5,1999,2000,"TA","TA","PConc","Gd","TA","ALQ",871,52,923,"GasA","Gd","Y",947,767,1714,1,0,2,1,3,"TA",7,1,"Attchd",2,451,"TA","TA",256,48,0,0
395,156,61,7930,"Inside","1Story",6,8,1969,2005,"TA","TA","CBlock","TA","TA","GLQ",439,115,1026,"GasA","Gd","Y",1026,0,1026,1,0,1,0,3,"Gd",5,0,"Detchd",2,440,"TA","TA",171,48,0,0
1631,154.204,160,18160,"Inside","1Story",6,6,1964,1964,"TA","TA","CBlock","TA","TA","BLQ",550,752,1302,"GasA","Fa","Y",1128,0,1128,1,0,1,0,3,"TA",6,1,"Attchd",2,480,"TA","TA",0,108,246,0
200,138.4,52,6240,"Inside","1.5Fin",5,5,1930,1950,"TA","TA","BrkTil","TA","TA","LwQ",448,480,928,"GasA","TA","Y",928,608,1536,0,0,2,0,4,"TA",7,1,"Detchd",2,480,"TA","TA",0,10,0,0
195,134,50,6000,"Inside","1.5Fin",6,7,1939,1950,"TA","TA","BrkTil","TA","Gd","BLQ",452,144,608,"GasA","TA","Y",608,524,1132,1,0,1,0,2,"TA",5,0,"Detchd",1,240,"TA","TA",0,0,128,0
89,127,0,6897,"Corner","1Story",5,8,1962,2010,"TA","Gd","CBlock","TA","TA","ALQ",659,381,1040,"GasA","Ex","Y",1040,0,1040,1,0,1,1,3,"TA",6,0,"Detchd",1,260,"TA","TA",0,104,0,0
3,172,81,14267,"Corner","1Story",6,6,1958,1958,"TA","TA","CBlock","TA","TA","ALQ",923,406,1329,"GasA","TA","Y",1329,0,1329,0,0,1,1,3,"Gd",6,0,"Attchd",1,312,"TA","TA",393,36,0,0
2852,149,69,4899,"Corner","2Story",6,8,1920,1950,"TA","TA","PConc","TA","TA","BLQ",305,450,755,"GasA","Ex","Y",755,755,1510,0,0,1,0,3,"TA",6,0,"Detchd",1,216,"TA","TA",0,0,164,0
1780,215,76,10612,"Inside","1Story",8,5,2006,2006,"Gd","TA","PConc","Gd","TA","GLQ",28,1496,1524,"GasA","Gd","Y",1534,0,1534,0,0,2,0,3,"Gd",7,1,"Attchd",2,484,"TA","TA",168,46,0,0
2805,233.23,120,15611,"Inside","2Story",8,5,2006,2006,"Gd","TA","PConc","Gd","TA","Unf",0,1079,1079,"GasA","Ex","Y",1079,840,1919,0,0,2,1,3,"Gd",8,1,"Attchd",2,685,"Gd","TA",0,51,0,0
614,122,68,9768,"Inside","1Story",5,5,1955,1955,"TA","TA","CBlock","TA","TA","Rec",100,613,960,"GasA","Gd","Y",960,0,960,1,0,1,0,2,"TA",5,0,"Attchd",1,330,"TA","TA",0,70,0,0
2090,228.5,104,23920,"Inside","1.5Fin",6,5,1984,1984,"TA","TA","CBlock","TA","TA","Unf",0,1105,1105,"GasA","Ex","Y",1105,717,1822,0,0,2,0,4,"Gd",7,1,"Attchd",2,515,"TA","TA",0,195,1012,0
1539,311.5,0,15660,"Corner","1.5Fin",7,9,1939,2006,"Gd","Gd","CBlock","TA","TA","BLQ",341,457,798,"GasA","Ex","Y",1137,817,1954,0,1,1,1,3,"Gd",8,2,"Attchd",2,431,"TA","TA",0,119,150,0
523,238.5,75,7500,"Inside","1Story",8,5,2006,2007,"Gd","TA","PConc","Gd","TA","GLQ",24,1348,1372,"GasA","Ex","Y",1448,0,1448,0,0,2,0,2,"Gd",6,1,"Attchd",2,692,"TA","TA",0,140,0,0
263,127,68,7480,"Inside","1Story",5,6,1972,1972,"TA","TA","CBlock","TA","TA","ALQ",480,396,876,"GasA","TA","Y",876,0,876,1,0,1,0,3,"TA",5,0,"Detchd",2,484,"TA","TA",0,0,0,0
544,220,43,11492,"CulDSac","2Story",7,5,1996,1997,"Gd","TA","PConc","Gd","TA","GLQ",637,276,913,"GasA","Ex","Y",913,1209,2122,1,0,2,1,4,"Gd",8,1,"Attchd",2,559,"TA","TA",0,74,0,0
243,114,0,11200,"CulDSac","1Story",5,3,1964,1964,"TA","Fa","CBlock","TA","TA","Unf",0,1250,1250,"GasA","Ex","Y",1298,0,1298,0,0,2,0,3,"TA",5,0,"Detchd",2,504,"TA","Fa",0,144,0,0
1342,79,99,5940,"FR3","1Story",4,7,1946,1950,"TA","TA","PConc","0","0","0",0,0,0,"GasA","TA","Y",896,0,896,0,0,1,0,2,"TA",4,0,"Detchd",1,280,"TA","TA",0,0,0,0
1328,138,55,7111,"Inside","1Story",5,7,1928,1983,"Gd","Gd","BrkTil","TA","TA","LwQ",406,329,1008,"GasA","TA","Y",1143,0,1143,0,0,1,0,2,"TA",5,1,"Detchd",1,288,"TA","TA",265,0,0,0
901,103.5,70,11767,"Inside","1Story",5,5,1956,1956,"TA","TA","CBlock","TA","TA","Rec",546,604,1150,"GasA","Ex","Y",1560,0,1560,0,0,1,0,2,"TA",7,1,"Attchd",1,313,"TA","TA",0,0,0,0
1410,235,120,13728,"Corner","2Story",6,7,1935,1986,"TA","TA","CBlock","TA","TA","Rec",626,501,1127,"GasA","Ex","Y",1236,872,2108,0,0,2,0,4,"Gd",7,2,"Basment",2,540,"TA","TA",0,0,0,90
69,215.2,72,8640,"Inside","2Story",7,5,2009,2009,"TA","TA","PConc","Gd","TA","GLQ",24,732,756,"GasA","Ex","Y",764,783,1547,0,0,2,1,3,"Gd",7,0,"Attchd",2,614,"TA","TA",169,45,0,0
1708,342,99,13069,"Inside","2Story",8,5,2004,2004,"Gd","TA","PConc","Gd","TA","Unf",0,1706,1706,"GasA","Ex","Y",1718,1238,2956,0,0,2,1,5,"Ex",11,1,"BuiltIn",3,916,"TA","TA",194,50,0,0
1133,188,68,10110,"Inside","2Story",6,5,2003,2003,"Gd","TA","PConc","Gd","TA","GLQ",80,200,835,"GasA","Ex","Y",835,861,1696,1,0,2,1,3,"Gd",7,0,"Attchd",2,542,"TA","TA",143,66,0,0
1574,294,74,11563,"Inside","1Story",8,5,2006,2007,"Gd","TA","PConc","Ex","TA","GLQ",1036,482,1518,"GasA","Ex","Y",1537,0,1537,1,0,2,0,3,"Gd",8,0,"Attchd",3,788,"TA","TA",0,26,0,0
1860,181.5,80,9600,"FR2","1Story",6,8,1976,1976,"TA","TA","CBlock","Gd","TA","ALQ",978,284,1262,"GasA","Ex","Y",1262,0,1262,0,1,2,0,3,"TA",6,1,"Attchd",2,460,"TA","TA",298,0,0,0
297,335,100,17500,"Inside","1Story",7,8,1959,2002,"Gd","Gd","PConc","Gd","TA","GLQ",1406,496,1902,"GasA","TA","Y",1902,0,1902,1,0,2,0,3,"Ex",7,2,"Attchd",2,567,"TA","TA",0,207,162,0
1097,225,41,12460,"FR2","2Story",7,5,1999,2000,"Gd","TA","PConc","Gd","TA","GLQ",870,167,1037,"GasA","Ex","Y",1037,1285,2322,0,0,2,1,4,"TA",8,1,"BuiltIn",2,400,"TA","TA",144,44,0,0
2904,81.5,125,31250,"Inside","1Story",1,3,1951,1951,"TA","Fa","CBlock","None","None","None",0,0,0,"GasA","TA","Y",1600,0,1600,0,0,1,1,3,"TA",6,0,"Attchd",1,270,"Fa","TA",0,0,135,0
1636,377.426,86,14157,"Corner","1Story",9,5,2005,2006,"Gd","TA","PConc","Ex","TA","GLQ",1249,673,1922,"GasA","Ex","Y",1922,0,1922,1,0,2,0,3,"Gd",8,1,"Attchd",3,676,"TA","TA",178,51,0,0
1212,145,75,8250,"Inside","1Story",6,7,1964,1964,"TA","TA","CBlock","Gd","TA","Rec",787,305,1092,"GasA","Ex","Y",1092,0,1092,1,0,1,0,3,"TA",6,0,"Attchd",2,504,"TA","Gd",0,0,0,0
1195,135,65,8125,"Inside","1Story",5,7,1965,2005,"Gd","TA","CBlock","TA","TA","ALQ",260,196,912,"GasA","Ex","Y",925,0,925,1,0,1,0,3,"TA",5,0,"Detchd",2,576,"TA","TA",233,0,0,0
2705,157,50,5500,"Inside","1Story",7,5,2004,2004,"TA","TA","PConc","Gd","Gd","GLQ",510,190,1073,"GasA","Ex","Y",1073,0,1073,1,0,2,0,2,"TA",4,0,"Detchd",1,246,"TA","TA",0,120,0,0
2344,229,0,13837,"Corner","1.5Fin",7,5,1988,1988,"Gd","Gd","PConc","Gd","Gd","GLQ",1002,0,1204,"GasA","Gd","Y",1377,806,2183,0,0,2,1,4,"Gd",9,0,"Attchd",3,786,"TA","TA",0,0,0,0
1523,161.9,64,7804,"Inside","2.5Unf",6,7,1930,1950,"TA","TA","BrkTil","TA","TA","ALQ",281,0,960,"GasA","Ex","Y",960,960,1920,2,0,2,2,4,"TA",10,2,"Detchd",2,480,"TA","TA",248,0,121,0
855,134.9,76,6950,"Inside","1Story",5,7,1979,1979,"TA","TA","CBlock","TA","TA","ALQ",710,132,914,"GasA","TA","Y",914,0,914,1,0,1,0,2,"TA",5,0,"Attchd",2,444,"TA","TA",0,0,0,0
6,195.5,78,9978,"Inside","2Story",6,6,1998,1998,"TA","TA","PConc","TA","TA","GLQ",602,324,926,"GasA","Ex","Y",926,678,1604,0,0,2,1,3,"Gd",7,1,"Attchd",2,470,"TA","TA",360,36,0,0
695,103.5,57,10307,"Inside","2Story",6,5,1910,1950,"TA","TA","CBlock","TA","TA","LwQ",633,339,972,"GasA","Gd","N",972,972,1944,1,0,2,0,4,"TA",12,0,"Detchd",2,324,"Fa","TA",0,28,169,0
402,130,60,9000,"FR2","1Story",4,7,1971,2006,"TA","Gd","CBlock","TA","TA","ALQ",240,624,864,"GasA","Gd","Y",864,0,864,0,0,1,0,3,"TA",5,0,"Detchd",2,576,"TA","TA",200,0,0,0
2697,84.5,60,6780,"Inside","1.5Fin",6,8,1935,1982,"TA","Fa","CBlock","TA","TA","GLQ",490,30,520,"GasA","Gd","N",520,0,754,1,0,1,0,2,"TA",5,0,"None",0,0,"None","None",53,0,0,0
2818,149.9,134,17755,"Inside","1Story",5,4,1959,1959,"TA","TA","CBlock","TA","TA","BLQ",176,1290,1466,"GasA","TA","Y",1466,0,1466,0,0,1,1,3,"Fa",6,2,"Attchd",2,528,"TA","TA",0,140,0,100
669,163,77,11500,"Inside","1Story",6,4,1967,1967,"Fa","TA","CBlock","TA","Fa","BLQ",872,108,1040,"GasA","Gd","Y",1040,0,1040,1,0,1,0,3,"TA",6,1,"Attchd",2,480,"TA","TA",0,0,156,0
2147,270,0,11354,"Inside","1Story",7,5,2000,2000,"Gd","TA","PConc","TA","TA","GLQ",1412,261,1673,"GasA","Ex","Y",1673,0,1673,1,0,2,0,3,"Gd",7,1,"Attchd",2,583,"TA","TA",306,113,0,116
2520,188,36,3640,"CulDSac","1Story",8,5,1980,1980,"Gd","TA","CBlock","Gd","TA","GLQ",860,176,1036,"GasA","TA","Y",1036,0,1036,1,0,1,0,1,"Gd",4,1,"Detchd",2,484,"TA","TA",133,108,0,0
1602,113,100,21750,"Inside","1Story",5,5,1954,1954,"TA","TA","CBlock","TA","TA","Unf",0,988,988,"GasA","Ex","Y",988,0,988,0,0,1,0,2,"TA",4,0,"Attchd",2,520,"TA","TA",0,0,0,0
538,203,76,10141,"Inside","1Story",8,5,2004,2004,"Gd","TA","PConc","Gd","TA","BLQ",516,222,1512,"GasA","Ex","Y",1512,0,1512,0,0,2,0,3,"Gd",6,0,"Attchd",3,845,"TA","TA",210,36,0,0
335,157.9,0,26142,"CulDSac","1Story",5,7,1962,1962,"TA","TA","CBlock","TA","TA","Rec",593,595,1188,"GasA","TA","Y",1188,0,1188,0,0,1,0,3,"TA",6,0,"Attchd",1,312,"TA","TA",261,39,0,0
1492,108,63,13907,"Inside","1Story",5,6,1940,1969,"TA","TA","CBlock","TA","TA","BLQ",290,706,996,"GasA","Ex","Y",996,0,996,1,0,1,0,3,"TA",6,1,"None",0,0,"None","None",144,0,0,0
2814,173.9,68,8846,"Inside","2Story",6,5,2005,2006,"TA","TA","PConc","Gd","TA","Unf",0,750,750,"GasA","Ex","Y",750,750,1500,0,0,2,1,3,"Gd",6,0,"Attchd",2,564,"TA","TA",0,35,0,0
1269,98.3,60,7200,"Inside","1Story",5,5,1950,1950,"TA","TA","CBlock","None","None","None",0,0,0,"GasA","Gd","Y",1048,0,1048,0,0,1,0,3,"TA",7,0,"Detchd",2,420,"TA","TA",0,27,0,0
2170,110,67,8308,"Inside","1Story",4,6,1963,1963,"TA","Gd","CBlock","TA","TA","BLQ",132,115,1088,"GasA","TA","Y",1088,0,1088,0,0,1,0,2,"TA",4,0,"Detchd",2,520,"TA","TA",0,0,0,0
1680,122.5,24,1920,"Inside","2Story",5,5,1971,1971,"TA","TA","CBlock","TA","TA","ALQ",471,294,765,"GasA","Ex","Y",765,600,1365,1,0,1,1,2,"TA",6,0,"Detchd",2,440,"TA","TA",240,36,0,0
1235,135,0,7390,"Inside","1Story",5,7,1955,1955,"TA","TA","CBlock","TA","TA","ALQ",902,196,1098,"GasA","TA","Y",1098,0,1098,1,0,1,0,3,"TA",6,0,"Attchd",1,260,"TA","TA",0,0,0,0
2794,275,0,14781,"CulDSac","1Story",8,5,2001,2002,"Gd","TA","PConc","Gd","TA","Unf",0,1753,1753,"GasA","Ex","Y",1787,0,1787,0,0,2,0,3,"Gd",7,1,"Attchd",3,748,"TA","TA",198,150,0,0
2765,190,0,36500,"Inside","1Story",5,5,1964,1964,"TA","Gd","CBlock","TA","TA","Rec",812,812,1624,"GasA","Fa","Y",1582,0,1582,0,1,2,0,4,"TA",7,0,"Attchd",2,390,"TA","TA",168,198,0,0
1403,256,0,53227,"CulDSac","1Story",4,6,1954,1994,"TA","TA","CBlock","Gd","TA","BLQ",1116,248,1364,"GasA","Ex","Y",1663,0,1663,1,0,1,0,2,"Gd",6,2,"Attchd",2,529,"TA","TA",224,137,0,0
1990,184.9,0,10337,"Inside","2Story",8,9,1910,1999,"Gd","Gd","BrkTil","TA","TA","Unf",0,725,725,"GasA","Ex","N",909,863,1772,0,0,2,1,3,"Gd",7,0,"Detchd",2,816,"TA","TA",0,0,0,0
924,163.5,80,13360,"Inside","1Story",5,7,1921,2006,"TA","Gd","BrkTil","Gd","TA","ALQ",713,163,876,"GasA","Ex","Y",964,0,964,1,0,1,0,2,"TA",5,0,"Detchd",2,432,"TA","TA",0,0,44,0
1274,138,60,8064,"Inside","1.5Fin",6,6,1948,1950,"TA","TA","CBlock","TA","TA","ALQ",315,453,768,"GasA","Ex","Y",819,501,1320,0,0,2,0,3,"TA",5,0,"Detchd",2,576,"TA","TA",108,0,0,0
1594,124,0,4224,"Inside","1Story",5,6,1975,1975,"TA","TA","PConc","Gd","TA","GLQ",769,271,1040,"GasA","Gd","Y",1040,0,1040,0,0,1,0,3,"TA",6,0,"Attchd",2,499,"TA","TA",0,100,0,0
2539,158,80,9600,"Inside","SLvl",5,7,1967,1967,"TA","TA","PConc","TA","TA","ALQ",602,137,1141,"GasA","Gd","Y",1141,0,1141,1,0,1,0,3,"TA",6,0,"Attchd",1,568,"TA","TA",0,78,0,0
78,99.5,55,7892,"Inside","1Story",6,5,1979,1979,"TA","TA","CBlock","Gd","TA","Unf",0,918,918,"GasA","TA","Y",918,0,918,0,0,2,0,2,"TA",5,1,"Attchd",1,264,"TA","TA",28,0,0,0
1955,128.5,66,8300,"Inside","1Story",6,6,1968,1968,"TA","TA","CBlock","TA","TA","Rec",952,0,952,"GasA","Gd","Y",952,0,952,1,0,1,0,3,"TA",5,0,"Attchd",1,288,"TA","TA",0,0,0,0
1787,227,85,10000,"Inside","1Story",8,5,2006,2006,"Gd","TA","PConc","Gd","Gd","Unf",0,1588,1588,"GasA","Ex","Y",1588,0,1588,0,0,2,0,3,"Gd",7,1,"Attchd",3,825,"TA","TA",144,45,0,0
587,197.9,0,17871,"CulDSac","SLvl",6,5,1967,1976,"TA","TA","CBlock","Gd","TA","ALQ",528,1152,1680,"GasA","Fa","Y",1724,0,1724,1,0,1,1,3,"TA",7,1,"Attchd",2,480,"TA","TA",0,0,0,0
2610,159,77,9786,"Inside","1.5Fin",6,7,1962,1981,"TA","TA","CBlock","TA","TA","Rec",600,312,912,"GasA","TA","Y",1085,649,1734,0,0,1,1,3,"Gd",7,1,"Attchd",2,440,"TA","TA",0,0,0,128
621,140,80,9600,"Inside","1.5Fin",6,8,1950,2005,"TA","Gd","CBlock","TA","TA","BLQ",120,736,856,"GasA","Ex","Y",1112,556,1668,0,0,1,1,3,"TA",6,0,"Attchd",1,271,"TA","TA",0,0,0,0
837,143,65,9757,"Inside","1Story",5,7,1994,1994,"TA","Gd","PConc","TA","TA","ALQ",755,235,990,"GasA","Ex","Y",990,0,990,1,0,1,0,3,"TA",5,0,"Attchd",1,440,"TA","TA",66,0,0,92
123,136.3,0,10600,"Inside","SLvl",6,5,1964,1964,"TA","TA","CBlock","TA","TA","Unf",0,533,533,"GasA","TA","Y",1131,644,1775,0,0,2,0,3,"TA",8,0,"Attchd",2,480,"TA","TA",0,172,0,0
242,308.03,44,17485,"Inside","1Story",7,5,2009,2010,"Gd","TA","PConc","Gd","TA","GLQ",1346,162,1508,"GasA","Ex","Y",1508,0,1508,1,0,1,0,1,"Gd",5,2,"Attchd",2,572,"TA","TA",0,0,0,0
1490,165,64,12102,"Inside","SFoyer",5,5,1976,1976,"TA","TA","CBlock","Gd","Gd","ALQ",456,0,456,"GasA","Ex","Y",1033,0,1033,0,1,1,0,3,"TA",6,0,"BuiltIn",2,504,"Fa","TA",224,0,0,0
327,83.5,0,1974,"Inside","2Story",4,5,1973,1973,"TA","TA","CBlock","TA","TA","BLQ",334,212,546,"GasA","TA","Y",546,546,1092,0,0,1,1,3,"TA",6,0,"Attchd",1,286,"TA","TA",120,96,0,0
1385,152,0,7400,"CulDSac","SFoyer",5,5,1984,1984,"TA","TA","PConc","Gd","TA","LwQ",104,0,1060,"GasA","TA","Y",1126,0,1126,1,0,1,0,2,"TA",5,0,"Attchd",2,506,"TA","TA",178,0,0,0
2196,150,60,10890,"Inside","2Story",5,6,1923,1950,"TA","TA","PConc","TA","TA","Rec",371,925,1296,"Grav","Fa","N",1296,1296,2592,2,0,2,0,6,"TA",12,0,"None",0,0,"None","None",0,742,240,0
2695,125.5,60,7200,"Corner","1.5Fin",5,6,1938,1995,"TA","TA","CBlock","TA","TA","Unf",0,803,803,"GasA","Ex","Y",803,557,1360,0,0,1,1,2,"Gd",6,0,"Detchd",1,297,"TA","TA",0,65,190,0
2621,135,60,10800,"Inside","1.5Fin",4,4,1949,1950,"TA","TA","CBlock","TA","TA","Unf",0,720,720,"GasA","TA","N",720,472,1192,0,0,1,1,4,"TA",6,0,"None",0,0,"None","None",0,0,0,0
1765,410,89,10557,"Inside","2Story",9,5,1998,1998,"Gd","TA","PConc","Ex","TA","GLQ",672,736,1408,"GasA","Ex","Y",1671,1407,3078,1,0,2,1,4,"Gd",9,1,"Attchd",3,806,"TA","TA",108,87,0,0
2000,152,40,5400,"Corner","1Story",6,7,1926,2004,"TA","Gd","BrkTil","TA","TA","LwQ",370,779,1149,"GasA","Gd","Y",1149,467,1616,0,0,2,0,3,"Gd",5,0,"Detchd",1,216,"TA","TA",0,0,183,0
1446,149.9,65,8385,"Inside","SLvl",5,8,1977,1977,"Gd","TA","CBlock","Gd","Gd","GLQ",595,390,985,"GasA","TA","Y",985,0,985,0,0,2,0,3,"TA",6,0,"Attchd",1,328,"TA","TA",210,0,0,0
977,160,83,13383,"Inside","1Story",5,5,1969,2000,"TA","TA","CBlock","TA","TA","BLQ",594,594,1188,"GasA","Ex","Y",1404,0,1404,0,0,2,0,3,"TA",7,1,"Attchd",2,504,"TA","TA",0,16,0,0
1874,127,80,10800,"Inside","1Story",6,5,1963,1963,"TA","TA","CBlock","TA","TA","BLQ",617,171,1052,"GasA","TA","Y",1052,0,1052,1,0,1,0,3,"TA",6,0,"Attchd",1,311,"TA","TA",0,133,0,0
230,270,0,20062,"Inside","1Story",7,7,1977,2001,"Gd","Gd","CBlock","Gd","TA","ALQ",1092,328,1420,"GasA","Gd","Y",1483,0,1483,1,0,1,1,1,"TA",4,2,"Attchd",2,690,"TA","TA",496,0,0,0
1316,161,60,9600,"Inside","2Story",7,9,1928,2005,"TA","Ex","BrkTil","TA","TA","Rec",141,548,689,"GasA","Ex","Y",689,689,1378,0,0,2,0,3,"Gd",7,1,"Detchd",2,360,"TA","TA",0,0,116,0
131,76.5,55,5350,"Inside","1Story",3,2,1940,1966,"TA","Po","CBlock","TA","TA","Unf",0,728,728,"GasA","Ex","Y",1306,0,1306,0,0,1,0,3,"Fa",6,0,"None",0,0,"None","None",263,0,0,0
2472,186.8,91,11024,"Corner","1Story",7,5,2005,2006,"Gd","TA","PConc","Gd","TA","Unf",0,1400,1400,"GasA","Ex","Y",1400,0,1400,0,0,2,0,3,"Gd",6,0,"Attchd",2,612,"TA","TA",144,55,0,0
991,237.5,0,12925,"Corner","1Story",6,7,1970,1970,"TA","TA","CBlock","TA","TA","BLQ",865,340,1205,"GasA","Ex","Y",2117,0,2117,0,0,2,1,4,"TA",7,2,"Attchd",2,550,"TA","TA",0,42,0,0
1156,192,95,19508,"Inside","1Story",6,5,1974,1974,"TA","TA","CBlock","TA","TA","ALQ",800,630,1430,"GasA","TA","Y",1430,0,1430,0,1,2,0,3,"TA",6,2,"Attchd",2,484,"TA","TA",117,108,165,0
2678,75,51,6120,"Inside","1.5Fin",3,5,1930,1950,"Gd","TA","CBlock","TA","TA","Rec",347,381,728,"GasA","Ex","Y",728,434,1162,1,0,1,0,3,"TA",6,0,"Detchd",1,258,"Fa","Po",0,24,0,0
890,127,80,10682,"Inside","1Story",4,6,1960,1971,"TA","TA","CBlock","TA","TA","GLQ",399,615,1014,"GasA","TA","Y",1149,0,1149,1,0,1,0,3,"TA",7,0,"2Types",1,544,"TA","TA",0,240,0,0
2415,219.21,58,14054,"Inside","2Story",7,5,2006,2006,"Gd","TA","PConc","Gd","TA","Unf",0,879,879,"GasA","Ex","Y",879,984,1863,0,0,2,1,4,"Gd",9,1,"BuiltIn",3,660,"TA","TA",100,17,0,0
2865,239,80,16560,"Inside","2Story",6,8,1932,1950,"TA","TA","BrkTil","Gd","TA","Rec",503,449,952,"GasA","TA","Y",1170,1175,2345,0,0,2,1,4,"TA",9,1,"Detchd",2,360,"TA","TA",0,0,0,0
1405,125.6,50,5190,"Inside","1.5Fin",7,5,1948,1950,"TA","TA","CBlock","TA","TA","Unf",0,570,570,"GasA","TA","Y",617,462,1079,0,0,1,0,2,"TA",5,1,"Attchd",1,249,"TA","TA",135,0,0,0
552,160,75,8250,"Inside","2Story",6,7,1981,1981,"TA","TA","Slab","None","None","None",0,0,0,"GasA","TA","Y",964,918,1882,0,0,2,0,4,"TA",8,2,"Attchd",2,612,"TA","TA",0,0,0,0
822,332,65,10816,"Inside","1Story",9,5,2008,2008,"Ex","TA","PConc","Ex","TA","GLQ",1104,616,1720,"GasA","Ex","Y",1720,0,1720,1,0,2,0,3,"Ex",8,1,"Attchd",3,846,"TA","TA",208,104,0,0
2111,175.9,64,7242,"Inside","1Story",7,5,2005,2006,"Gd","TA","PConc","Gd","TA","Unf",0,1270,1270,"GasA","Ex","Y",1270,0,1270,0,0,2,0,2,"Gd",6,0,"Attchd",2,524,"TA","TA",0,96,0,0
10,189,60,7500,"Inside","2Story",7,5,1999,1999,"TA","TA","PConc","TA","TA","Unf",0,994,994,"GasA","Gd","Y",1028,776,1804,0,0,2,1,3,"Gd",7,1,"Attchd",2,442,"TA","TA",140,60,0,0
1215,140,90,9900,"Corner","1Story",5,5,1961,1961,"TA","Gd","CBlock","TA","TA","Unf",0,1114,1114,"GasA","TA","Y",1114,0,1114,1,0,1,0,3,"TA",5,0,"Attchd",2,451,"TA","TA",0,0,0,164
281,90,64,6410,"Inside","1Story",4,5,1958,1958,"TA","TA","CBlock","TA","TA","Unf",0,960,960,"GasA","Ex","Y",960,0,960,0,0,1,0,3,"TA",5,0,"None",0,0,"None","None",0,0,0,0
696,66.5,52,5720,"Inside","1.5Fin",5,6,1941,1950,"TA","TA","CBlock","TA","TA","Unf",0,676,676,"GasA","Ex","Y",676,455,1131,0,0,1,1,3,"TA",5,0,"Detchd",1,200,"TA","TA",26,0,0,0
1204,176,0,9900,"Inside","2Story",7,5,1968,1968,"TA","TA","CBlock","TA","TA","BLQ",552,280,832,"GasA","Gd","Y",1098,880,1978,0,0,2,1,4,"TA",9,1,"Attchd",2,486,"TA","TA",0,43,0,0
1767,252,83,10790,"Inside","2Story",7,5,1998,1998,"Gd","TA","PConc","Gd","TA","Unf",0,1066,1066,"GasA","Ex","Y",1108,1277,2385,0,0,2,1,4,"Gd",8,1,"BuiltIn",3,600,"TA","TA",120,38,0,0
2750,224.5,73,9069,"Inside","SFoyer",6,8,1993,1993,"Gd","Gd","PConc","Gd","TA","LwQ",261,0,1344,"GasA","Gd","Y",1440,0,1440,2,0,2,0,2,"Gd",8,0,"Attchd",4,920,"TA","TA",288,0,0,0
1756,175,62,7917,"Inside","2Story",6,5,1999,2000,"TA","TA","PConc","Gd","TA","Unf",0,953,953,"GasA","Ex","Y",953,694,1647,0,0,2,1,3,"TA",7,1,"Attchd",2,460,"TA","TA",0,40,0,0
1135,146,63,13072,"Inside","1Story",6,5,2005,2006,"TA","TA","PConc","Gd","Gd","GLQ",80,1095,1175,"GasA","Ex","Y",1175,0,1175,1,0,1,0,3,"Gd",6,0,"None",0,0,"None","None",0,90,0,0
764,179,60,10800,"Inside","1Story",5,5,1987,1988,"TA","Gd","CBlock","Gd","Gd","GLQ",1200,0,1200,"GasA","TA","Y",1200,0,1200,3,0,3,0,3,"TA",5,0,"None",0,0,"None","None",120,0,0,0
2638,135,60,9600,"Inside","1.5Fin",5,6,1948,1950,"TA","TA","CBlock","TA","TA","Rec",276,936,1212,"GasA","Gd","Y",1226,442,1668,1,0,1,0,3,"TA",6,0,"Detchd",1,240,"TA","TA",0,0,140,0
2122,177.5,105,11249,"Inside","1Story",6,5,1995,1995,"Gd","Gd","PConc","Gd","Gd","ALQ",334,322,1200,"GasA","Ex","Y",1200,0,1200,1,0,2,0,3,"Gd",6,0,"Attchd",2,521,"TA","TA",0,26,0,0
2350,207.5,79,10240,"Inside","1Story",6,6,1980,1980,"TA","Gd","CBlock","Gd","TA","BLQ",625,0,1686,"GasA","TA","Y",1686,0,1686,1,0,2,0,3,"TA",7,1,"Attchd",2,612,"TA","TA",384,131,0,0
1776,213.133,75,9910,"Inside","1Story",7,6,2007,2007,"Gd","TA","PConc","Gd","TA","Unf",0,1369,1369,"GasA","Ex","Y",1369,0,1369,0,0,2,0,3,"Gd",5,0,"Attchd",2,605,"TA","TA",0,203,0,0
1777,260.261,91,11830,"Inside","1Story",8,5,2007,2007,"Gd","TA","PConc","Gd","TA","GLQ",1220,322,1542,"GasA","Ex","Y",1542,0,1542,1,0,2,0,3,"Gd",6,1,"Attchd",3,852,"TA","TA",168,110,0,0
1730,178.9,65,10237,"Inside","2Story",6,5,2005,2007,"Gd","TA","PConc","Gd","TA","Unf",0,783,783,"GasA","Ex","Y",783,701,1484,0,0,2,1,3,"Gd",8,1,"Attchd",2,393,"TA","TA",0,72,0,0
1243,166,80,11900,"Corner","1Story",6,5,1957,1957,"TA","TA","CBlock","TA","TA","Rec",1040,352,1392,"GasA","TA","Y",1392,0,1392,1,0,1,1,3,"TA",6,2,"Attchd",2,458,"TA","TA",0,0,0,192
499,336,98,12203,"Corner","2Story",8,5,1998,1999,"Gd","TA","PConc","Gd","TA","GLQ",854,371,1225,"GasA","Ex","Y",1276,1336,2612,1,0,2,1,4,"Gd",8,1,"Attchd",3,676,"TA","TA",250,0,0,0
1092,217.3,55,7301,"Inside","1Story",7,6,2007,2008,"Gd","TA","PConc","Gd","TA","GLQ",876,474,1350,"GasA","Ex","Y",1358,0,1358,1,0,2,0,2,"Gd",6,1,"Attchd",2,484,"TA","TA",192,26,0,0
1941,153,75,9532,"Inside","1Story",4,6,1953,1953,"TA","TA","CBlock","TA","TA","BLQ",595,156,1105,"GasA","Gd","Y",1647,0,1647,1,0,1,0,3,"TA",6,1,"Attchd",1,280,"TA","TA",225,0,0,0
970,139.5,75,12518,"Inside","1Story",5,7,1968,1968,"TA","TA","CBlock","TA","TA","ALQ",532,476,1008,"GasA","Gd","Y",1008,0,1008,0,0,1,0,3,"Gd",6,0,"Attchd",1,384,"TA","TA",144,0,0,0
742,133,51,6120,"Inside","1.5Fin",4,7,1935,1995,"TA","TA","BrkTil","TA","TA","Unf",0,884,884,"GasA","Ex","Y",989,584,1573,0,0,1,0,3,"Gd",6,0,"Detchd",1,240,"TA","TA",0,0,54,120
95,190,39,3515,"Inside","2Story",7,5,2004,2004,"Gd","TA","PConc","Gd","TA","Unf",0,840,840,"GasA","Ex","Y",840,840,1680,0,0,2,1,2,"Gd",3,0,"Attchd",2,588,"TA","TA",0,111,0,0
1742,172.5,53,3922,"Inside","1Story",7,5,2006,2007,"Gd","TA","PConc","Ex","TA","Unf",0,1258,1258,"GasA","Ex","Y",1258,0,1258,0,0,2,0,2,"Gd",6,1,"Attchd",3,648,"TA","TA",144,16,0,0
166,160,87,10000,"Corner","1Story",6,6,1962,1962,"TA","TA","CBlock","TA","TA","Unf",0,1116,1116,"GasA","TA","Y",1116,0,1116,0,0,1,1,3,"TA",5,0,"Attchd",2,440,"TA","TA",0,0,0,385
135,178,75,11380,"Inside","SFoyer",6,8,1966,2008,"TA","TA","CBlock","TA","TA","GLQ",944,136,1080,"GasA","Gd","Y",1128,0,1128,1,0,1,0,2,"Gd",5,1,"Attchd",1,315,"TA","TA",238,0,0,0
1946,301.6,113,21281,"Inside","2Story",5,4,1935,2007,"TA","TA","BrkTil","TA","Fa","Unf",0,666,666,"GasA","Gd","Y",1308,1778,3086,0,0,3,1,4,"Gd",9,0,"BuiltIn",3,1200,"TA","TA",0,208,290,156
2265,174,42,10331,"CulDSac","1Story",7,7,1985,1985,"TA","TA","CBlock","Gd","TA","ALQ",215,970,1265,"GasA","Gd","Y",1240,0,1240,0,1,2,0,3,"Gd",6,0,"Attchd",2,528,"TA","TA",232,0,0,0
2551,151.5,80,10800,"Inside","1Story",5,7,1960,1960,"TA","TA","CBlock","TA","TA","ALQ",632,616,1248,"GasA","Ex","Y",1248,0,1248,1,0,1,0,3,"TA",6,0,"Attchd",1,286,"TA","TA",0,0,0,0
1841,199.9,35,4274,"Inside","1Story",7,5,2006,2007,"Gd","TA","PConc","Gd","TA","GLQ",1106,135,1241,"GasA","Ex","Y",1241,0,1241,1,0,1,1,1,"Gd",4,0,"Attchd",2,569,"TA","TA",0,116,0,0
161,242,96,11275,"Corner","SLvl",7,7,1967,2007,"Gd","Gd","CBlock","Gd","TA","Unf",0,710,710,"GasA","Ex","Y",1898,1080,2978,0,0,2,1,5,"Gd",11,1,"BuiltIn",2,564,"TA","TA",240,0,0,0
2126,147.9,70,16561,"Inside","1Story",5,5,1996,1996,"TA","TA","PConc","Gd","TA","ALQ",549,548,1097,"GasA","Ex","Y",1097,0,1097,1,0,1,1,3,"TA",6,0,"Attchd",1,242,"TA","TA",306,0,0,0
204,159.9,60,12900,"Inside","2Story",6,8,1912,2009,"Gd","Gd","PConc","TA","TA","Unf",0,780,780,"GasA","Ex","Y",780,780,1560,0,0,1,1,3,"Gd",7,0,"None",0,0,"None","None",344,0,0,168
387,235,0,8470,"Corner","2Story",8,5,2002,2002,"Gd","TA","PConc","Gd","TA","GLQ",225,471,972,"GasA","Ex","Y",972,839,1811,0,0,2,1,3,"Gd",7,1,"Attchd",2,565,"TA","TA",225,48,0,0
2902,369.9,88,11443,"Inside","1Story",8,5,2005,2006,"Gd","TA","PConc","Ex","TA","GLQ",1460,408,1868,"GasA","Ex","Y",2028,0,2028,1,0,2,0,2,"Gd",7,2,"Attchd",3,880,"TA","TA",326,66,0,0
2712,142.5,75,9000,"Corner","1Story",5,6,1966,1966,"TA","TA","CBlock","TA","TA","ALQ",773,286,1059,"GasA","Gd","Y",1059,0,1059,1,0,1,0,3,"TA",6,0,"Attchd",1,286,"TA","TA",0,88,0,0
550,184,70,9109,"Inside","2Story",7,5,1994,1994,"Gd","TA","PConc","Gd","TA","LwQ",36,122,754,"GasA","Ex","Y",754,786,1540,1,0,2,1,3,"Gd",6,0,"Attchd",2,495,"TA","TA",140,32,0,0
85,148,88,11782,"Inside","SFoyer",5,7,1961,1995,"TA","TA","CBlock","TA","TA","ALQ",899,210,1109,"GasA","TA","Y",1155,0,1155,1,0,1,0,3,"Gd",6,0,"Detchd",2,576,"TA","TA",192,0,0,0
428,398.8,95,12350,"Inside","2Story",9,5,2009,2009,"Gd","TA","PConc","Ex","TA","GLQ",986,379,1365,"GasA","Ex","Y",1365,1325,2690,1,0,2,1,3,"Ex",8,1,"Attchd",3,864,"TA","TA",0,197,0,0
2096,220,75,9317,"Inside","2Story",7,5,1994,2001,"Gd","Gd","PConc","Gd","Gd","GLQ",497,282,779,"GasA","Ex","Y",1029,929,1958,1,0,2,1,3,"Gd",7,1,"Attchd",2,499,"TA","TA",202,93,0,0
100,222,0,4403,"Inside","1Story",7,5,2009,2009,"Ex","TA","PConc","Ex","TA","GLQ",578,892,1470,"GasA","Ex","Y",1478,0,1478,1,0,2,1,2,"Gd",7,1,"Attchd",2,484,"TA","TA",0,144,0,0
